Packet ID,88
Packet Ground Date Time,24/09/2019 17:50:08
Packet Sat Date Time,30/06/2019 02:36:26
Packet Total Raw Data,1D-76-00-78-00-07-00-00-08-A9-08-AF-00-18-00-19-00-18-00-18-00-18-00-18-00-D7-00-77-00-41-00-38-00-00-00-00-00-00-00-03-00-00-00-00-06-5D-18-15-46-70

Parameter Name,Raw Data,Value,Unit
vbatt,1D-76,7542,mv
batt_curr,00-78,120,ma
3v3_curr,00-07,7,ma
5v_curr,00-00,0,ma
lotrxvu_temp,08-A9,25.58197,deg c
patrxvu_temp,08-AF,25.12183,deg c
eps_temp[0],00-18,24,deg c
eps_temp[1],00-19,25,deg c
eps_temp[2],00-18,24,deg c
eps_temp[3],00-18,24,deg c
batt_temp[0],00-18,24,deg c
batt_temp[1],00-18,24,deg c
rxdoppler,00-D7,-19429.32,hz
rxrssi,00-77,-148.43,dbm
txrefl,00-41,65,mw
txfrow,00-38,56,mw
altitudeangelsroll,00-00,0,deg
altitudeangelspich,00-00,0,deg
altitudeangelsyaw,00-00,0,deg
numberofpics,00,0,none
eps battery state,03,3,none
numberdelayd_comms,00,0,none
number_resets,00-00-00-06,6,none
last_resets,5D-18-15-46,30/06/2019 01:49:58,sec
states,70,112,none
